"oa_subID","pure_errors"
1001,0.005208333
1002,0.015734649
1003,0.036458333
1006,0.484375
1007,0.057894737
1008,0.010416667
1009,0.005208333
1010,0.020888158
1011,0.026041667
1014,0.085106383
1015,0.010416667
1016,0.078125
1017,0.026041667
1018,0.046984649
1019,0.026041667
1020,0.036677632
